-- phpMyAdmin SQL Dump
-- version 5.1.4deb1
-- https://www.phpmyadmin.net/
--
-- Host: localhost:3306
-- Generation Time: Aug 31, 2023 at 11:13 AM
-- Server version: 8.0.33-0ubuntu0.22.10.2
-- PHP Version: 8.1.7-1ubuntu3.5

SET SQL_MODE = "NO_AUTO_VALUE_ON_ZERO";
START TRANSACTION;
SET time_zone = "+00:00";


/*!40101 SET @OLD_CHARACTER_SET_CLIENT=@@CHARACTER_SET_CLIENT */;
/*!40101 SET @OLD_CHARACTER_SET_RESULTS=@@CHARACTER_SET_RESULTS */;
/*!40101 SET @OLD_COLLATION_CONNECTION=@@COLLATION_CONNECTION */;
/*!40101 SET NAMES utf8mb4 */;

--
-- Database: `statistika`
--

-- --------------------------------------------------------

--
-- Table structure for table `t_akses_menu`
--

CREATE TABLE `t_akses_menu` (
  `id_akses` int NOT NULL,
  `id_role` int NOT NULL,
  `id_menu` int NOT NULL
) ENGINE=InnoDB DEFAULT CHARSET=utf8mb4 COLLATE=utf8mb4_unicode_ci;

--
-- Dumping data for table `t_akses_menu`
--

INSERT INTO `t_akses_menu` (`id_akses`, `id_role`, `id_menu`) VALUES
(1, 1, 0),
(2, 1, 2),
(3, 1, 3),
(4, 1, 1),
(5, 2, 0),
(6, 2, 2),
(7, 2, 3),
(8, 1, 4),
(9, 2, 4);

-- --------------------------------------------------------

--
-- Table structure for table `t_data_statistika`
--

CREATE TABLE `t_data_statistika` (
  `id_data` varchar(255) CHARACTER SET utf8mb4 COLLATE utf8mb4_unicode_ci NOT NULL,
  `jumlah` float NOT NULL,
  `id_kategori` int NOT NULL,
  `tahun` year NOT NULL,
  `id_umur` int NOT NULL DEFAULT '0',
  `id_pendidikan` int NOT NULL DEFAULT '0',
  `id_jp` enum('0','1') CHARACTER SET utf8mb4 COLLATE utf8mb4_unicode_ci NOT NULL COMMENT '0=all,1=jumlahpenduduk',
  `id_wilayah` int NOT NULL,
  `date_created` datetime NOT NULL DEFAULT CURRENT_TIMESTAMP
) ENGINE=InnoDB DEFAULT CHARSET=utf8mb4 COLLATE=utf8mb4_unicode_ci;

--
-- Dumping data for table `t_data_statistika`
--

INSERT INTO `t_data_statistika` (`id_data`, `jumlah`, `id_kategori`, `tahun`, `id_umur`, `id_pendidikan`, `id_jp`, `id_wilayah`, `date_created`) VALUES
('02517f8c-d1d9-11ed-84e9-0cdd24cf1b24', 68.5, 3, 2021, 0, 2, '0', 1, '2023-08-14 10:48:05'),
('05723518-1f9c-11ee-81d6-0cdd24cf1b24', 70.46, 2, 2018, 3, 0, '0', 1, '2023-08-14 10:48:05'),
('0574ce51-1f9c-11ee-81d6-0cdd24cf1b24', 71.62, 2, 2018, 3, 0, '0', 3, '2023-08-14 10:48:05'),
('0576b0c2-1f9c-11ee-81d6-0cdd24cf1b24', 61.34, 2, 2018, 3, 0, '0', 5, '2023-08-14 10:48:05'),
('0578d265-1f9c-11ee-81d6-0cdd24cf1b24', 73.19, 2, 2018, 3, 0, '0', 2, '2023-08-14 10:48:05'),
('057a6a90-1f9c-11ee-81d6-0cdd24cf1b24', 66.29, 2, 2018, 3, 0, '0', 4, '2023-08-14 10:48:05'),
('057c2c4d-1f9c-11ee-81d6-0cdd24cf1b24', 78.01, 2, 2018, 3, 0, '0', 6, '2023-08-14 10:48:05'),
('06898220-cb2d-11ed-9e84-0cdd24cf1b24', 3.62, 1, 2018, 0, 0, '0', 1, '2023-08-14 10:48:05'),
('08536bbd-d81f-11ed-8ee6-0cdd24cf1b24', 70.65, 2, 2019, 3, 0, '0', 1, '2023-08-14 10:48:05'),
('0855d784-d81f-11ed-8ee6-0cdd24cf1b24', 71.83, 2, 2019, 3, 0, '0', 3, '2023-08-14 10:48:05'),
('0857bda3-d81f-11ed-8ee6-0cdd24cf1b24', 62.37, 2, 2019, 3, 0, '0', 5, '2023-08-14 10:48:05'),
('0859d43a-d81f-11ed-8ee6-0cdd24cf1b24', 73.32, 2, 2019, 3, 0, '0', 2, '2023-08-14 10:48:05'),
('085c46ea-d81f-11ed-8ee6-0cdd24cf1b24', 67.08, 2, 2019, 3, 0, '0', 4, '2023-08-14 10:48:05'),
('085ed504-d81f-11ed-8ee6-0cdd24cf1b24', 78.06, 2, 2019, 3, 0, '0', 6, '2023-08-14 10:48:05'),
('09cecff9-d1d7-11ed-84e9-0cdd24cf1b24', 2.45, 1, 2021, 0, 0, '0', 5, '2023-08-14 10:48:05'),
('10d88b2a-d1d9-11ed-84e9-0cdd24cf1b24', 53.16, 3, 2021, 0, 3, '0', 1, '2023-08-14 10:48:05'),
('16d3f884-cb2e-11ed-9e84-0cdd24cf1b24', 3.57, 1, 2021, 0, 0, '0', 1, '2023-08-14 10:48:05'),
('1c720213-d81e-11ed-8ee6-0cdd24cf1b24', 15.45, 3, 2020, 0, 4, '0', 1, '2023-08-14 10:48:05'),
('1c75632b-d81e-11ed-8ee6-0cdd24cf1b24', 24.15, 3, 2020, 0, 4, '0', 3, '2023-08-14 10:48:05'),
('1c785b59-d81e-11ed-8ee6-0cdd24cf1b24', 7.64, 3, 2020, 0, 4, '0', 5, '2023-08-14 10:48:05'),
('1c7b1f74-d81e-11ed-8ee6-0cdd24cf1b24', 32.13, 3, 2020, 0, 4, '0', 2, '2023-08-14 10:48:05'),
('1c7ef137-d81e-11ed-8ee6-0cdd24cf1b24', 16.84, 3, 2020, 0, 4, '0', 4, '2023-08-14 10:48:05'),
('1c81f182-d81e-11ed-8ee6-0cdd24cf1b24', 45.78, 3, 2020, 0, 4, '0', 6, '2023-08-14 10:48:05'),
('1dba1ec8-47a6-11ee-a745-503eaa456e2a', 31.47, 0, 2019, 0, 0, '1', 3, '2023-08-31 10:28:48'),
('1dba2a60-47a6-11ee-a745-503eaa456e2a', 33.55, 0, 2020, 0, 0, '1', 3, '2023-08-31 10:28:48'),
('1dba2da2-47a6-11ee-a745-503eaa456e2a', 33.5, 0, 2021, 0, 0, '1', 3, '2023-08-31 10:28:48'),
('20a9d767-d81d-11ed-8ee6-0cdd24cf1b24', 20.72, 2, 2020, 4, 0, '0', 1, '2023-08-14 10:48:05'),
('20ac4543-d81d-11ed-8ee6-0cdd24cf1b24', 35.86, 2, 2020, 4, 0, '0', 3, '2023-08-14 10:48:05'),
('20adf8fd-d81d-11ed-8ee6-0cdd24cf1b24', 23.53, 2, 2020, 4, 0, '0', 5, '2023-08-14 10:48:05'),
('20afc0b9-d81d-11ed-8ee6-0cdd24cf1b24', 38.11, 2, 2020, 4, 0, '0', 2, '2023-08-14 10:48:05'),
('20b187bb-d81d-11ed-8ee6-0cdd24cf1b24', 20.68, 2, 2020, 4, 0, '0', 4, '2023-08-14 10:48:05'),
('20b3a7f3-d81d-11ed-8ee6-0cdd24cf1b24', 48.59, 2, 2020, 4, 0, '0', 6, '2023-08-14 10:48:05'),
('24e437ba-d1d9-11ed-84e9-0cdd24cf1b24', 16.06, 3, 2021, 0, 4, '0', 1, '2023-08-14 10:48:05'),
('25726faf-d819-11ed-8ee6-0cdd24cf1b24', 35.52, 2, 2021, 4, 0, '0', 3, '2023-08-14 10:48:05'),
('257579f6-d819-11ed-8ee6-0cdd24cf1b24', 24.3, 2, 2021, 4, 0, '0', 5, '2023-08-14 10:48:05'),
('2577937d-d819-11ed-8ee6-0cdd24cf1b24', 38.92, 2, 2021, 4, 0, '0', 2, '2023-08-14 10:48:05'),
('2579bbde-d819-11ed-8ee6-0cdd24cf1b24', 20.95, 2, 2021, 4, 0, '0', 4, '2023-08-14 10:48:05'),
('257be382-d819-11ed-8ee6-0cdd24cf1b24', 49.46, 2, 2021, 4, 0, '0', 6, '2023-08-14 10:48:05'),
('257e8578-d1da-11ed-84e9-0cdd24cf1b24', 110.25, 4, 2021, 0, 1, '0', 3, '2023-08-14 10:48:05'),
('260fe96c-d81f-11ed-8ee6-0cdd24cf1b24', 20.22, 2, 2019, 4, 0, '0', 1, '2023-08-14 10:48:05'),
('26138ada-d81f-11ed-8ee6-0cdd24cf1b24', 34.92, 2, 2019, 4, 0, '0', 3, '2023-08-14 10:48:05'),
('2615f35e-d81f-11ed-8ee6-0cdd24cf1b24', 23.89, 2, 2019, 4, 0, '0', 5, '2023-08-14 10:48:05'),
('2617b5de-d81f-11ed-8ee6-0cdd24cf1b24', 37.68, 2, 2019, 4, 0, '0', 2, '2023-08-14 10:48:05'),
('26196d00-d81f-11ed-8ee6-0cdd24cf1b24', 19.8, 2, 2019, 4, 0, '0', 4, '2023-08-14 10:48:05'),
('261cd1c2-d81f-11ed-8ee6-0cdd24cf1b24', 48.21, 2, 2019, 4, 0, '0', 6, '2023-08-14 10:48:05'),
('2667d820-47a5-11ee-a745-503eaa456e2a', 32.06, 0, 2018, 0, 0, '1', 3, '2023-08-31 10:21:53'),
('295eeb57-1f9c-11ee-81d6-0cdd24cf1b24', 17.52, 2, 2018, 4, 0, '0', 1, '2023-08-14 10:48:05'),
('2961e84a-1f9c-11ee-81d6-0cdd24cf1b24', 35.78, 2, 2018, 4, 0, '0', 3, '2023-08-14 10:48:05'),
('2963f8c7-1f9c-11ee-81d6-0cdd24cf1b24', 23.79, 2, 2018, 4, 0, '0', 5, '2023-08-14 10:48:05'),
('296633ae-1f9c-11ee-81d6-0cdd24cf1b24', 38.71, 2, 2018, 4, 0, '0', 2, '2023-08-14 10:48:05'),
('29686996-1f9c-11ee-81d6-0cdd24cf1b24', 20.34, 2, 2018, 4, 0, '0', 4, '2023-08-14 10:48:05'),
('296a8560-1f9c-11ee-81d6-0cdd24cf1b24', 50.44, 2, 2018, 4, 0, '0', 6, '2023-08-14 10:48:05'),
('299fff32-473c-11ee-af97-503eaa456e2a', 13.64, 0, 2018, 0, 0, '1', 1, '2023-08-30 21:50:21'),
('29a00985-473c-11ee-af97-503eaa456e2a', 13.89, 0, 2019, 0, 0, '1', 1, '2023-08-30 21:50:21'),
('2c4d3502-d1d7-11ed-84e9-0cdd24cf1b24', 3.93, 1, 2018, 0, 0, '0', 2, '2023-08-14 10:48:05'),
('2d396972-d1d8-11ed-84e9-0cdd24cf1b24', 98.61, 2, 2021, 1, 0, '0', 3, '2023-08-14 10:48:05'),
('33131b8b-1f9a-11ee-81d6-0cdd24cf1b24', 98.57, 2, 2018, 1, 0, '0', 1, '2023-08-14 10:48:05'),
('33157730-1f9a-11ee-81d6-0cdd24cf1b24', 98.29, 2, 2018, 1, 0, '0', 3, '2023-08-14 10:48:05'),
('3317c7a3-1f9a-11ee-81d6-0cdd24cf1b24', 98.84, 2, 2018, 1, 0, '0', 5, '2023-08-14 10:48:05'),
('331a4a7c-1f9a-11ee-81d6-0cdd24cf1b24', 99.03, 2, 2018, 1, 0, '0', 2, '2023-08-14 10:48:05'),
('331cb85c-1f9a-11ee-81d6-0cdd24cf1b24', 98.64, 2, 2018, 1, 0, '0', 4, '2023-08-14 10:48:05'),
('331ecd9d-1f9a-11ee-81d6-0cdd24cf1b24', 99.68, 2, 2018, 1, 0, '0', 6, '2023-08-14 10:48:05'),
('371a5fdf-d81a-11ed-8ee6-0cdd24cf1b24', 97.61, 3, 2021, 0, 1, '0', 3, '2023-08-14 10:48:05'),
('371c9d21-d81a-11ed-8ee6-0cdd24cf1b24', 98.85, 3, 2021, 0, 1, '0', 5, '2023-08-14 10:48:05'),
('371ec123-d81a-11ed-8ee6-0cdd24cf1b24', 99.05, 3, 2021, 0, 1, '0', 2, '2023-08-14 10:48:05'),
('3720ed68-d81a-11ed-8ee6-0cdd24cf1b24', 98.89, 3, 2021, 0, 1, '0', 4, '2023-08-14 10:48:05'),
('37233670-d81a-11ed-8ee6-0cdd24cf1b24', 99.96, 3, 2021, 0, 1, '0', 6, '2023-08-14 10:48:05'),
('39a359cf-d1da-11ed-84e9-0cdd24cf1b24', 107.45, 4, 2021, 0, 1, '0', 5, '2023-08-14 10:48:05'),
('39b250f3-d1d7-11ed-84e9-0cdd24cf1b24', 3.99, 1, 2019, 0, 0, '0', 2, '2023-08-14 10:48:05'),
('42e10377-d1d7-11ed-84e9-0cdd24cf1b24', 4.48, 1, 2020, 0, 0, '0', 2, '2023-08-14 10:48:05'),
('43c2eeb5-d81f-11ed-8ee6-0cdd24cf1b24', 98.63, 3, 2019, 0, 1, '0', 1, '2023-08-14 10:48:05'),
('43c575ef-d81f-11ed-8ee6-0cdd24cf1b24', 97.19, 3, 2019, 0, 1, '0', 3, '2023-08-14 10:48:05'),
('43c73306-d81f-11ed-8ee6-0cdd24cf1b24', 99.2, 3, 2019, 0, 1, '0', 5, '2023-08-14 10:48:05'),
('43c934c9-d81f-11ed-8ee6-0cdd24cf1b24', 98.6, 3, 2019, 0, 1, '0', 2, '2023-08-14 10:48:05'),
('43cb9791-d81f-11ed-8ee6-0cdd24cf1b24', 98.46, 3, 2019, 0, 1, '0', 4, '2023-08-14 10:48:05'),
('43cdc52d-d81f-11ed-8ee6-0cdd24cf1b24', 99.66, 3, 2019, 0, 1, '0', 6, '2023-08-14 10:48:05'),
('48c4e45b-d1d9-11ed-84e9-0cdd24cf1b24', 23.95, 3, 2021, 0, 4, '0', 3, '2023-08-14 10:48:05'),
('48d12bde-d1da-11ed-84e9-0cdd24cf1b24', 103.17, 4, 2021, 0, 1, '0', 2, '2023-08-14 10:48:05'),
('50cca891-d81e-11ed-8ee6-0cdd24cf1b24', 114.33, 4, 2020, 0, 1, '0', 1, '2023-08-14 10:48:05'),
('50cf7f3e-d81e-11ed-8ee6-0cdd24cf1b24', 111.17, 4, 2020, 0, 1, '0', 3, '2023-08-14 10:48:05'),
('50d1e41e-d81e-11ed-8ee6-0cdd24cf1b24', 108.09, 4, 2020, 0, 1, '0', 5, '2023-08-14 10:48:05'),
('50d4b134-d81e-11ed-8ee6-0cdd24cf1b24', 104.96, 4, 2020, 0, 1, '0', 2, '2023-08-14 10:48:05'),
('50d77f9b-d81e-11ed-8ee6-0cdd24cf1b24', 105.13, 4, 2020, 0, 1, '0', 4, '2023-08-14 10:48:05'),
('50d9ff47-d81e-11ed-8ee6-0cdd24cf1b24', 109.9, 4, 2020, 0, 1, '0', 6, '2023-08-14 10:48:05'),
('51d8d598-d1d8-11ed-84e9-0cdd24cf1b24', 98.85, 2, 2021, 1, 0, '0', 5, '2023-08-14 10:48:05'),
('563004a8-1f9e-11ee-81d6-0cdd24cf1b24', 98.57, 3, 2018, 0, 1, '0', 1, '2023-08-14 10:48:05'),
('56327979-1f9e-11ee-81d6-0cdd24cf1b24', 97.14, 3, 2018, 0, 1, '0', 3, '2023-08-14 10:48:05'),
('56340726-1f9e-11ee-81d6-0cdd24cf1b24', 98.84, 3, 2018, 0, 1, '0', 5, '2023-08-14 10:48:05'),
('56359e83-1f9e-11ee-81d6-0cdd24cf1b24', 99.03, 3, 2018, 0, 1, '0', 2, '2023-08-14 10:48:05'),
('56375970-1f9e-11ee-81d6-0cdd24cf1b24', 98.64, 3, 2018, 0, 1, '0', 4, '2023-08-14 10:48:05'),
('563950a3-1f9e-11ee-81d6-0cdd24cf1b24', 99.68, 3, 2018, 0, 1, '0', 6, '2023-08-14 10:48:05'),
('5812c586-d1d9-11ed-84e9-0cdd24cf1b24', 7.7, 3, 2021, 0, 4, '0', 5, '2023-08-14 10:48:05'),
('5a5917b1-d1d7-11ed-84e9-0cdd24cf1b24', 3.45, 1, 2021, 0, 0, '0', 2, '2023-08-14 10:48:05'),
('5a657566-d818-11ed-8ee6-0cdd24cf1b24', 90.83, 2, 2021, 2, 0, '0', 3, '2023-08-14 10:48:05'),
('5a67b056-d818-11ed-8ee6-0cdd24cf1b24', 90.58, 2, 2021, 2, 0, '0', 5, '2023-08-14 10:48:05'),
('5a69efbe-d818-11ed-8ee6-0cdd24cf1b24', 94.58, 2, 2021, 2, 0, '0', 2, '2023-08-14 10:48:05'),
('5a6c26fa-d818-11ed-8ee6-0cdd24cf1b24', 93.65, 2, 2021, 2, 0, '0', 4, '2023-08-14 10:48:05'),
('5a6e13e5-d818-11ed-8ee6-0cdd24cf1b24', 96.03, 2, 2021, 2, 0, '0', 6, '2023-08-14 10:48:05'),
('5b35cb9c-d1da-11ed-84e9-0cdd24cf1b24', 103.35, 4, 2021, 0, 1, '0', 4, '2023-08-14 10:48:05'),
('5d077d6a-d81f-11ed-8ee6-0cdd24cf1b24', 67.96, 3, 2019, 0, 2, '0', 1, '2023-08-14 10:48:05'),
('5d0a45ed-d81f-11ed-8ee6-0cdd24cf1b24', 64.72, 3, 2019, 0, 2, '0', 3, '2023-08-14 10:48:05'),
('5d0da38d-d81f-11ed-8ee6-0cdd24cf1b24', 71.56, 3, 2019, 0, 2, '0', 5, '2023-08-14 10:48:05'),
('5d0f87e9-d81f-11ed-8ee6-0cdd24cf1b24', 75.73, 3, 2019, 0, 2, '0', 2, '2023-08-14 10:48:05'),
('5d11ce6f-d81f-11ed-8ee6-0cdd24cf1b24', 80.97, 3, 2019, 0, 2, '0', 4, '2023-08-14 10:48:05'),
('5d1525fc-d81f-11ed-8ee6-0cdd24cf1b24', 72.03, 3, 2019, 0, 2, '0', 6, '2023-08-14 10:48:05'),
('6251f996-d1d8-11ed-84e9-0cdd24cf1b24', 99.05, 2, 2021, 1, 0, '0', 2, '2023-08-14 10:48:05'),
('66179c01-d1d9-11ed-84e9-0cdd24cf1b24', 33.5, 3, 2021, 0, 4, '0', 2, '2023-08-14 10:48:05'),
('68fa42ac-d1da-11ed-84e9-0cdd24cf1b24', 110.1, 4, 2021, 0, 1, '0', 6, '2023-08-14 10:48:05'),
('691f89a0-d1d7-11ed-84e9-0cdd24cf1b24', 4.35, 1, 2018, 0, 0, '0', 4, '2023-08-14 10:48:05'),
('6ef3f22e-d1d8-11ed-84e9-0cdd24cf1b24', 99.33, 2, 2021, 1, 0, '0', 4, '2023-08-14 10:48:05'),
('749eb4c6-d1d7-11ed-84e9-0cdd24cf1b24', 4.57, 1, 2019, 0, 0, '0', 4, '2023-08-14 10:48:05'),
('760d9d27-d81f-11ed-8ee6-0cdd24cf1b24', 52.51, 3, 2019, 0, 3, '0', 1, '2023-08-14 10:48:05'),
('760fecde-d81f-11ed-8ee6-0cdd24cf1b24', 56.93, 3, 2019, 0, 3, '0', 3, '2023-08-14 10:48:05'),
('7611e86e-d81f-11ed-8ee6-0cdd24cf1b24', 61.04, 3, 2019, 0, 3, '0', 5, '2023-08-14 10:48:05'),
('7613ecf6-d81f-11ed-8ee6-0cdd24cf1b24', 60.37, 3, 2019, 0, 3, '0', 2, '2023-08-14 10:48:05'),
('7615add7-d81f-11ed-8ee6-0cdd24cf1b24', 60.74, 3, 2019, 0, 3, '0', 4, '2023-08-14 10:48:05'),
('76177540-d81f-11ed-8ee6-0cdd24cf1b24', 56.69, 3, 2019, 0, 3, '0', 6, '2023-08-14 10:48:05'),
('76187fe0-d1d9-11ed-84e9-0cdd24cf1b24', 17.1, 3, 2021, 0, 4, '0', 4, '2023-08-14 10:48:05'),
('767acc94-d81e-11ed-8ee6-0cdd24cf1b24', 78.29, 4, 2020, 0, 2, '0', 1, '2023-08-14 10:48:05'),
('767e9a21-d81e-11ed-8ee6-0cdd24cf1b24', 77.23, 4, 2020, 0, 2, '0', 3, '2023-08-14 10:48:05'),
('7682d435-d81e-11ed-8ee6-0cdd24cf1b24', 72.61, 4, 2020, 0, 2, '0', 5, '2023-08-14 10:48:05'),
('76874730-d81e-11ed-8ee6-0cdd24cf1b24', 86.25, 4, 2020, 0, 2, '0', 2, '2023-08-14 10:48:05'),
('7689aa51-d81e-11ed-8ee6-0cdd24cf1b24', 90.34, 4, 2020, 0, 2, '0', 4, '2023-08-14 10:48:05'),
('768c3450-d81e-11ed-8ee6-0cdd24cf1b24', 79.37, 4, 2020, 0, 2, '0', 6, '2023-08-14 10:48:05'),
('7b0efd0d-d1d8-11ed-84e9-0cdd24cf1b24', 99.96, 2, 2021, 1, 0, '0', 6, '2023-08-14 10:48:05'),
('7b6c1581-1f9a-11ee-81d6-0cdd24cf1b24', 87.95, 2, 2018, 2, 0, '0', 1, '2023-08-14 10:48:05'),
('7b6e713b-1f9a-11ee-81d6-0cdd24cf1b24', 90.12, 2, 2018, 2, 0, '0', 3, '2023-08-14 10:48:05'),
('7b705ae3-1f9a-11ee-81d6-0cdd24cf1b24', 89.98, 2, 2018, 2, 0, '0', 5, '2023-08-14 10:48:05'),
('7b725a80-1f9a-11ee-81d6-0cdd24cf1b24', 93.54, 2, 2018, 2, 0, '0', 2, '2023-08-14 10:48:05'),
('7b740c4a-1f9a-11ee-81d6-0cdd24cf1b24', 92.86, 2, 2018, 2, 0, '0', 4, '2023-08-14 10:48:05'),
('7b75d40a-1f9a-11ee-81d6-0cdd24cf1b24', 95.74, 2, 2018, 2, 0, '0', 6, '2023-08-14 10:48:05'),
('7f47923a-1f9f-11ee-81d6-0cdd24cf1b24', 118.08, 4, 2018, 0, 1, '0', 1, '2023-08-14 10:48:05'),
('7f4aee1b-1f9f-11ee-81d6-0cdd24cf1b24', 108.45, 4, 2018, 0, 1, '0', 3, '2023-08-14 10:48:05'),
('7f4ceed4-1f9f-11ee-81d6-0cdd24cf1b24', 111.05, 4, 2018, 0, 1, '0', 5, '2023-08-14 10:48:05'),
('7f4ebbbf-1f9f-11ee-81d6-0cdd24cf1b24', 113.51, 4, 2018, 0, 1, '0', 2, '2023-08-14 10:48:05'),
('7f507db9-1f9f-11ee-81d6-0cdd24cf1b24', 112.26, 4, 2018, 0, 1, '0', 4, '2023-08-14 10:48:05'),
('7f528c6e-1f9f-11ee-81d6-0cdd24cf1b24', 113.15, 4, 2018, 0, 1, '0', 6, '2023-08-14 10:48:05'),
('8752c16c-1f9e-11ee-81d6-0cdd24cf1b24', 67.29, 3, 2018, 0, 2, '0', 1, '2023-08-14 10:48:05'),
('87559778-1f9e-11ee-81d6-0cdd24cf1b24', 63.31, 3, 2018, 0, 2, '0', 3, '2023-08-14 10:48:05'),
('875734f9-1f9e-11ee-81d6-0cdd24cf1b24', 70.13, 3, 2018, 0, 2, '0', 5, '2023-08-14 10:48:05'),
('8758f39e-1f9e-11ee-81d6-0cdd24cf1b24', 74.91, 3, 2018, 0, 2, '0', 2, '2023-08-14 10:48:05'),
('875d8bc8-1f9e-11ee-81d6-0cdd24cf1b24', 80.56, 3, 2018, 0, 2, '0', 4, '2023-08-14 10:48:05'),
('87611173-1f9e-11ee-81d6-0cdd24cf1b24', 71.64, 3, 2018, 0, 2, '0', 6, '2023-08-14 10:48:05'),
('8bd4ae3e-d1d9-11ed-84e9-0cdd24cf1b24', 47.56, 3, 2021, 0, 4, '0', 6, '2023-08-14 10:48:05'),
('8cd06213-d81f-11ed-8ee6-0cdd24cf1b24', 15.6, 3, 2019, 0, 4, '0', 1, '2023-08-14 10:48:05'),
('8cd2fd3c-d81f-11ed-8ee6-0cdd24cf1b24', 22.01, 3, 2019, 0, 4, '0', 3, '2023-08-14 10:48:05'),
('8cd59541-d81f-11ed-8ee6-0cdd24cf1b24', 7.75, 3, 2019, 0, 4, '0', 5, '2023-08-14 10:48:05'),
('8cd822ec-d81f-11ed-8ee6-0cdd24cf1b24', 32.27, 3, 2019, 0, 4, '0', 2, '2023-08-14 10:48:05'),
('8cda2433-d81f-11ed-8ee6-0cdd24cf1b24', 17.02, 3, 2019, 0, 4, '0', 4, '2023-08-14 10:48:05'),
('8cdc48ee-d81f-11ed-8ee6-0cdd24cf1b24', 45.9, 3, 2019, 0, 4, '0', 6, '2023-08-14 10:48:05'),
('8d4d0c8e-d81b-11ed-8ee6-0cdd24cf1b24', 78.58, 4, 2021, 0, 2, '0', 3, '2023-08-14 10:48:05'),
('8d4f20d5-d81b-11ed-8ee6-0cdd24cf1b24', 70.83, 4, 2021, 0, 2, '0', 5, '2023-08-14 10:48:05'),
('8d53a678-d81b-11ed-8ee6-0cdd24cf1b24', 85.11, 4, 2021, 0, 2, '0', 2, '2023-08-14 10:48:05'),
('8d5825c0-d81b-11ed-8ee6-0cdd24cf1b24', 88.98, 4, 2021, 0, 2, '0', 4, '2023-08-14 10:48:05'),
('8d5a9b3a-d81b-11ed-8ee6-0cdd24cf1b24', 78.34, 4, 2021, 0, 2, '0', 6, '2023-08-14 10:48:05'),
('8f80c09f-d1d7-11ed-84e9-0cdd24cf1b24', 5.21, 1, 2020, 0, 0, '0', 4, '2023-08-14 10:48:05'),
('900a9197-d81a-11ed-8ee6-0cdd24cf1b24', 66.57, 3, 2021, 0, 2, '0', 3, '2023-08-14 10:48:05'),
('900cf916-d81a-11ed-8ee6-0cdd24cf1b24', 79.83, 3, 2021, 0, 2, '0', 5, '2023-08-14 10:48:05'),
('900ee6ac-d81a-11ed-8ee6-0cdd24cf1b24', 75.02, 3, 2021, 0, 2, '0', 2, '2023-08-14 10:48:05'),
('9013afb9-d81a-11ed-8ee6-0cdd24cf1b24', 81.62, 3, 2021, 0, 2, '0', 4, '2023-08-14 10:48:05'),
('90173441-d81a-11ed-8ee6-0cdd24cf1b24', 74.36, 3, 2021, 0, 2, '0', 6, '2023-08-14 10:48:05'),
('9513e59a-d1d6-11ed-84e9-0cdd24cf1b24', 2.98, 1, 2018, 0, 0, '0', 3, '2023-08-14 10:48:05'),
('95b1105d-d81e-11ed-8ee6-0cdd24cf1b24', 67.27, 4, 2020, 0, 3, '0', 1, '2023-08-14 10:48:05'),
('95b429be-d81e-11ed-8ee6-0cdd24cf1b24', 104.36, 4, 2020, 0, 3, '0', 3, '2023-08-14 10:48:05'),
('95b6f755-d81e-11ed-8ee6-0cdd24cf1b24', 102.51, 4, 2020, 0, 3, '0', 5, '2023-08-14 10:48:05'),
('95b9aae1-d81e-11ed-8ee6-0cdd24cf1b24', 84.95, 4, 2020, 0, 3, '0', 2, '2023-08-14 10:48:05'),
('95bc7a16-d81e-11ed-8ee6-0cdd24cf1b24', 75.01, 4, 2020, 0, 3, '0', 4, '2023-08-14 10:48:05'),
('95bf1c56-d81e-11ed-8ee6-0cdd24cf1b24', 78.86, 4, 2020, 0, 3, '0', 6, '2023-08-14 10:48:05'),
('9ba5e0cb-d1d7-11ed-84e9-0cdd24cf1b24', 2.3, 1, 2021, 0, 0, '0', 4, '2023-08-14 10:48:05'),
('9d57b174-d81d-11ed-8ee6-0cdd24cf1b24', 98.76, 3, 2020, 0, 1, '0', 1, '2023-08-14 10:48:05'),
('9d5de962-d81d-11ed-8ee6-0cdd24cf1b24', 97.37, 3, 2020, 0, 1, '0', 3, '2023-08-14 10:48:05'),
('9d622cb4-d81d-11ed-8ee6-0cdd24cf1b24', 98.72, 3, 2020, 0, 1, '0', 5, '2023-08-14 10:48:05'),
('9d64f90e-d81d-11ed-8ee6-0cdd24cf1b24', 99.38, 3, 2020, 0, 1, '0', 2, '2023-08-14 10:48:05'),
('9d675f88-d81d-11ed-8ee6-0cdd24cf1b24', 98.9, 3, 2020, 0, 1, '0', 4, '2023-08-14 10:48:05'),
('9d69f407-d81d-11ed-8ee6-0cdd24cf1b24', 99.29, 3, 2020, 0, 1, '0', 6, '2023-08-14 10:48:05'),
('9dea1a7a-d1d8-11ed-84e9-0cdd24cf1b24', 88.18, 2, 2021, 2, 0, '0', 1, '2023-08-14 10:48:05'),
('9f90f84a-d81c-11ed-8ee6-0cdd24cf1b24', 98.76, 2, 2020, 1, 0, '0', 1, '2023-08-14 10:48:05'),
('9f92ef3d-d81c-11ed-8ee6-0cdd24cf1b24', 98.3, 2, 2020, 1, 0, '0', 3, '2023-08-14 10:48:05'),
('9f94aa37-d81c-11ed-8ee6-0cdd24cf1b24', 98.92, 2, 2020, 1, 0, '0', 5, '2023-08-14 10:48:05'),
('9f9650aa-d81c-11ed-8ee6-0cdd24cf1b24', 99.38, 2, 2020, 1, 0, '0', 2, '2023-08-14 10:48:05'),
('9f98147f-d81c-11ed-8ee6-0cdd24cf1b24', 99.81, 2, 2020, 1, 0, '0', 4, '2023-08-14 10:48:05'),
('9f99c69a-d81c-11ed-8ee6-0cdd24cf1b24', 99.29, 2, 2020, 1, 0, '0', 6, '2023-08-14 10:48:05'),
('a29098d8-1f9f-11ee-81d6-0cdd24cf1b24', 82.57, 4, 2018, 0, 2, '0', 1, '2023-08-14 10:48:05'),
('a29384ec-1f9f-11ee-81d6-0cdd24cf1b24', 81.1, 4, 2018, 0, 2, '0', 3, '2023-08-14 10:48:05'),
('a2951b64-1f9f-11ee-81d6-0cdd24cf1b24', 70.32, 4, 2018, 0, 2, '0', 5, '2023-08-14 10:48:05'),
('a29a3508-1f9f-11ee-81d6-0cdd24cf1b24', 83.69, 4, 2018, 0, 2, '0', 2, '2023-08-14 10:48:05'),
('a29eb8f0-1f9f-11ee-81d6-0cdd24cf1b24', 82.81, 4, 2018, 0, 2, '0', 4, '2023-08-14 10:48:05'),
('a2a3adf9-1f9f-11ee-81d6-0cdd24cf1b24', 79.61, 4, 2018, 0, 2, '0', 6, '2023-08-14 10:48:05'),
('a66a16e5-d1d9-11ed-84e9-0cdd24cf1b24', 112.59, 4, 2021, 0, 1, '0', 1, '2023-08-14 10:48:05'),
('a7e39d1a-d1d7-11ed-84e9-0cdd24cf1b24', 5.36, 1, 2018, 0, 0, '0', 6, '2023-08-14 10:48:05'),
('ab5b9d9f-d1d8-11ed-84e9-0cdd24cf1b24', 70.76, 2, 2021, 3, 0, '0', 1, '2023-08-14 10:48:05'),
('ab82b81b-1f9e-11ee-81d6-0cdd24cf1b24', 52.03, 3, 2018, 0, 3, '0', 1, '2023-08-14 10:48:05'),
('ab8699c7-1f9e-11ee-81d6-0cdd24cf1b24', 56.27, 3, 2018, 0, 3, '0', 3, '2023-08-14 10:48:05'),
('ab895292-1f9e-11ee-81d6-0cdd24cf1b24', 60.77, 3, 2018, 0, 3, '0', 5, '2023-08-14 10:48:05'),
('ab8b3eb9-1f9e-11ee-81d6-0cdd24cf1b24', 60.79, 3, 2018, 0, 3, '0', 2, '2023-08-14 10:48:05'),
('ab8d2ae0-1f9e-11ee-81d6-0cdd24cf1b24', 60.07, 3, 2018, 0, 3, '0', 4, '2023-08-14 10:48:05'),
('ab8fc2b7-1f9e-11ee-81d6-0cdd24cf1b24', 56.3, 3, 2018, 0, 3, '0', 6, '2023-08-14 10:48:05'),
('ac461630-d81b-11ed-8ee6-0cdd24cf1b24', 101.47, 4, 2021, 0, 3, '0', 3, '2023-08-14 10:48:05'),
('ac48ac9a-d81b-11ed-8ee6-0cdd24cf1b24', 103.14, 4, 2021, 0, 3, '0', 5, '2023-08-14 10:48:05'),
('ac4b14e8-d81b-11ed-8ee6-0cdd24cf1b24', 86.02, 4, 2021, 0, 3, '0', 2, '2023-08-14 10:48:05'),
('ac4d5d1a-d81b-11ed-8ee6-0cdd24cf1b24', 77.43, 4, 2021, 0, 3, '0', 4, '2023-08-14 10:48:05'),
('ac4fed82-d81b-11ed-8ee6-0cdd24cf1b24', 77.57, 4, 2021, 0, 3, '0', 6, '2023-08-14 10:48:05'),
('ade7b202-d81f-11ed-8ee6-0cdd24cf1b24', 115.01, 4, 2019, 0, 1, '0', 1, '2023-08-14 10:48:05'),
('adeb2e20-d81f-11ed-8ee6-0cdd24cf1b24', 112.9, 4, 2019, 0, 1, '0', 3, '2023-08-14 10:48:05'),
('adedee69-d81f-11ed-8ee6-0cdd24cf1b24', 109.96, 4, 2019, 0, 1, '0', 5, '2023-08-14 10:48:05'),
('adf0cef6-d81f-11ed-8ee6-0cdd24cf1b24', 105.88, 4, 2019, 0, 1, '0', 2, '2023-08-14 10:48:05'),
('adf34d29-d81f-11ed-8ee6-0cdd24cf1b24', 106.92, 4, 2019, 0, 1, '0', 4, '2023-08-14 10:48:05'),
('adf5cbb0-d81f-11ed-8ee6-0cdd24cf1b24', 110.82, 4, 2019, 0, 1, '0', 6, '2023-08-14 10:48:05'),
('b17687da-d1d7-11ed-84e9-0cdd24cf1b24', 5.9, 1, 2019, 0, 0, '0', 6, '2023-08-14 10:48:05'),
('b25713ff-d1d6-11ed-84e9-0cdd24cf1b24', 2.97, 1, 2019, 0, 0, '0', 3, '2023-08-14 10:48:05'),
('b262f53a-d81e-11ed-8ee6-0cdd24cf1b24', 28.88, 4, 2020, 0, 4, '0', 1, '2023-08-14 10:48:05'),
('b266ea78-d81e-11ed-8ee6-0cdd24cf1b24', 34.78, 4, 2020, 0, 4, '0', 3, '2023-08-14 10:48:05'),
('b269670a-d81e-11ed-8ee6-0cdd24cf1b24', 14.62, 4, 2020, 0, 4, '0', 5, '2023-08-14 10:48:05'),
('b26bb469-d81e-11ed-8ee6-0cdd24cf1b24', 42.94, 4, 2020, 0, 4, '0', 2, '2023-08-14 10:48:05'),
('b26e477c-d81e-11ed-8ee6-0cdd24cf1b24', 20.37, 4, 2020, 0, 4, '0', 4, '2023-08-14 10:48:05'),
('b270ed19-d81e-11ed-8ee6-0cdd24cf1b24', 62.24, 4, 2020, 0, 4, '0', 6, '2023-08-14 10:48:05'),
('b3bc043b-d1d9-11ed-84e9-0cdd24cf1b24', 78.91, 4, 2021, 0, 2, '0', 1, '2023-08-14 10:48:05'),
('b7ce427b-d81a-11ed-8ee6-0cdd24cf1b24', 57.93, 3, 2021, 0, 3, '0', 3, '2023-08-14 10:48:05'),
('b7d0e803-d81a-11ed-8ee6-0cdd24cf1b24', 61.33, 3, 2021, 0, 3, '0', 5, '2023-08-14 10:48:05'),
('b7d30338-d81a-11ed-8ee6-0cdd24cf1b24', 60.56, 3, 2021, 0, 3, '0', 2, '2023-08-14 10:48:05'),
('b7d5d0bf-d81a-11ed-8ee6-0cdd24cf1b24', 60.93, 3, 2021, 0, 3, '0', 4, '2023-08-14 10:48:05'),
('b7d7b36f-d81a-11ed-8ee6-0cdd24cf1b24', 57.75, 3, 2021, 0, 3, '0', 6, '2023-08-14 10:48:05'),
('baa3f972-d1d8-11ed-84e9-0cdd24cf1b24', 21.13, 2, 2021, 4, 0, '0', 1, '2023-08-14 10:48:05'),
('bd30268f-d1d6-11ed-84e9-0cdd24cf1b24', 3.41, 1, 2020, 0, 0, '0', 3, '2023-08-14 10:48:05'),
('be42feaa-d1d7-11ed-84e9-0cdd24cf1b24', 6.52, 1, 2020, 0, 0, '0', 6, '2023-08-14 10:48:05'),
('be983c9f-d1d9-11ed-84e9-0cdd24cf1b24', 65.24, 4, 2021, 0, 3, '0', 1, '2023-08-14 10:48:05'),
('c263e406-d81f-11ed-8ee6-0cdd24cf1b24', 80.05, 4, 2019, 0, 2, '0', 1, '2023-08-14 10:48:05'),
('c26726ce-d81f-11ed-8ee6-0cdd24cf1b24', 76.78, 4, 2019, 0, 2, '0', 3, '2023-08-14 10:48:05'),
('c269fdfd-d81f-11ed-8ee6-0cdd24cf1b24', 72.01, 4, 2019, 0, 2, '0', 5, '2023-08-14 10:48:05'),
('c26cf794-d81f-11ed-8ee6-0cdd24cf1b24', 85.79, 4, 2019, 0, 2, '0', 2, '2023-08-14 10:48:05'),
('c26ff4d8-d81f-11ed-8ee6-0cdd24cf1b24', 86.29, 4, 2019, 0, 2, '0', 4, '2023-08-14 10:48:05'),
('c272461e-d81f-11ed-8ee6-0cdd24cf1b24', 78.79, 4, 2019, 0, 2, '0', 6, '2023-08-14 10:48:05'),
('c3574392-cb2d-11ed-9e84-0cdd24cf1b24', 2.96, 1, 2019, 0, 0, '0', 1, '2023-08-14 10:48:05'),
('c53a8564-d81d-11ed-8ee6-0cdd24cf1b24', 67.86, 3, 2020, 0, 2, '0', 1, '2023-08-14 10:48:05'),
('c53d0e8d-d81d-11ed-8ee6-0cdd24cf1b24', 65.59, 3, 2020, 0, 2, '0', 3, '2023-08-14 10:48:05'),
('c53ec59b-d81d-11ed-8ee6-0cdd24cf1b24', 72.1, 3, 2020, 0, 2, '0', 5, '2023-08-14 10:48:05'),
('c540615c-d81d-11ed-8ee6-0cdd24cf1b24', 75.82, 3, 2020, 0, 2, '0', 2, '2023-08-14 10:48:05'),
('c5425cde-d81d-11ed-8ee6-0cdd24cf1b24', 81.16, 3, 2020, 0, 2, '0', 4, '2023-08-14 10:48:05'),
('c5441933-d81d-11ed-8ee6-0cdd24cf1b24', 73.79, 3, 2020, 0, 2, '0', 6, '2023-08-14 10:48:05'),
('c59fc04d-d81b-11ed-8ee6-0cdd24cf1b24', 28.29, 4, 2021, 0, 4, '0', 3, '2023-08-14 10:48:05'),
('c5a249b7-d81b-11ed-8ee6-0cdd24cf1b24', 13.51, 4, 2021, 0, 4, '0', 5, '2023-08-14 10:48:05'),
('c5a466f7-d81b-11ed-8ee6-0cdd24cf1b24', 45.34, 4, 2021, 0, 4, '0', 2, '2023-08-14 10:48:05'),
('c5a6cb10-d81b-11ed-8ee6-0cdd24cf1b24', 21.45, 4, 2021, 0, 4, '0', 4, '2023-08-14 10:48:05'),
('c5a9119d-d81b-11ed-8ee6-0cdd24cf1b24', 66.35, 4, 2021, 0, 4, '0', 6, '2023-08-14 10:48:05'),
('c7b5a796-d1d6-11ed-84e9-0cdd24cf1b24', 2.12, 1, 2021, 0, 0, '0', 3, '2023-08-14 10:48:05'),
('cc0279de-d81c-11ed-8ee6-0cdd24cf1b24', 87.94, 2, 2020, 2, 0, '0', 1, '2023-08-14 10:48:05'),
('cc046be7-d81c-11ed-8ee6-0cdd24cf1b24', 90.39, 2, 2020, 2, 0, '0', 3, '2023-08-14 10:48:05'),
('cc06a641-d81c-11ed-8ee6-0cdd24cf1b24', 90.75, 2, 2020, 2, 0, '0', 5, '2023-08-14 10:48:05'),
('cc08b2ec-d81c-11ed-8ee6-0cdd24cf1b24', 94.29, 2, 2020, 2, 0, '0', 2, '2023-08-14 10:48:05'),
('cc0af54c-d81c-11ed-8ee6-0cdd24cf1b24', 93.64, 2, 2020, 2, 0, '0', 4, '2023-08-14 10:48:05'),
('cc0cd21b-d81c-11ed-8ee6-0cdd24cf1b24', 96.41, 2, 2020, 2, 0, '0', 6, '2023-08-14 10:48:05'),
('cf422ad2-d1d7-11ed-84e9-0cdd24cf1b24', 4.55, 1, 2021, 0, 0, '0', 6, '2023-08-14 10:48:05'),
('d5973aaa-d81e-11ed-8ee6-0cdd24cf1b24', 98.83, 2, 2019, 1, 0, '0', 1, '2023-08-14 10:48:05'),
('d599dc00-d81e-11ed-8ee6-0cdd24cf1b24', 98.44, 2, 2019, 1, 0, '0', 3, '2023-08-14 10:48:05'),
('d59b9f80-d81e-11ed-8ee6-0cdd24cf1b24', 99.2, 2, 2019, 1, 0, '0', 5, '2023-08-14 10:48:05'),
('d59d7fe8-d81e-11ed-8ee6-0cdd24cf1b24', 99, 2, 2019, 1, 0, '0', 2, '2023-08-14 10:48:05'),
('d59f83a6-d81e-11ed-8ee6-0cdd24cf1b24', 98.71, 2, 2019, 1, 0, '0', 4, '2023-08-14 10:48:05'),
('d5a13d95-d81e-11ed-8ee6-0cdd24cf1b24', 99.97, 2, 2019, 1, 0, '0', 6, '2023-08-14 10:48:05'),
('d7836ddd-1f9e-11ee-81d6-0cdd24cf1b24', 13.21, 3, 2018, 0, 4, '0', 1, '2023-08-14 10:48:05'),
('d7867f1b-1f9e-11ee-81d6-0cdd24cf1b24', 22.79, 3, 2018, 0, 4, '0', 3, '2023-08-14 10:48:05'),
('d788c609-1f9e-11ee-81d6-0cdd24cf1b24', 8.37, 3, 2018, 0, 4, '0', 5, '2023-08-14 10:48:05'),
('d78b00ef-1f9e-11ee-81d6-0cdd24cf1b24', 30.38, 3, 2018, 0, 4, '0', 2, '2023-08-14 10:48:05'),
('d78d2fd9-1f9e-11ee-81d6-0cdd24cf1b24', 16.54, 3, 2018, 0, 4, '0', 4, '2023-08-14 10:48:05'),
('d78f0c8a-1f9e-11ee-81d6-0cdd24cf1b24', 47.51, 3, 2018, 0, 4, '0', 6, '2023-08-14 10:48:05'),
('d8704185-d1d6-11ed-84e9-0cdd24cf1b24', 2.72, 1, 2018, 0, 0, '0', 5, '2023-08-14 10:48:05'),
('d8971836-d81f-11ed-8ee6-0cdd24cf1b24', 64.75, 4, 2019, 0, 3, '0', 1, '2023-08-14 10:48:05'),
('d8992b23-d81f-11ed-8ee6-0cdd24cf1b24', 105.63, 4, 2019, 0, 3, '0', 3, '2023-08-14 10:48:05'),
('d89b8ad6-d81f-11ed-8ee6-0cdd24cf1b24', 104.36, 4, 2019, 0, 3, '0', 5, '2023-08-14 10:48:05'),
('d89d4b64-d81f-11ed-8ee6-0cdd24cf1b24', 85, 4, 2019, 0, 3, '0', 2, '2023-08-14 10:48:05'),
('d89f4d1b-d81f-11ed-8ee6-0cdd24cf1b24', 73.66, 4, 2019, 0, 3, '0', 4, '2023-08-14 10:48:05'),
('d8a12529-d81f-11ed-8ee6-0cdd24cf1b24', 78.98, 4, 2019, 0, 3, '0', 6, '2023-08-14 10:48:05'),
('d93074ca-1f9f-11ee-81d6-0cdd24cf1b24', 67.64, 4, 2018, 0, 3, '0', 1, '2023-08-14 10:48:05'),
('d932a532-1f9f-11ee-81d6-0cdd24cf1b24', 93.01, 4, 2018, 0, 3, '0', 3, '2023-08-14 10:48:05'),
('d9381c2e-1f9f-11ee-81d6-0cdd24cf1b24', 94.18, 4, 2018, 0, 3, '0', 5, '2023-08-14 10:48:05'),
('d93d075b-1f9f-11ee-81d6-0cdd24cf1b24', 82.93, 4, 2018, 0, 3, '0', 2, '2023-08-14 10:48:05'),
('d941f49a-1f9f-11ee-81d6-0cdd24cf1b24', 67.55, 4, 2018, 0, 3, '0', 4, '2023-08-14 10:48:05'),
('d9471a8c-1f9f-11ee-81d6-0cdd24cf1b24', 83.56, 4, 2018, 0, 3, '0', 6, '2023-08-14 10:48:05'),
('df37ccd0-47a4-11ee-a745-503eaa456e2a', 12.45, 0, 2020, 0, 0, '1', 1, '2023-08-31 10:19:54'),
('df37d79b-47a4-11ee-a745-503eaa456e2a', 12.45, 0, 2021, 0, 0, '1', 1, '2023-08-31 10:19:54'),
('e8dfe792-d1d6-11ed-84e9-0cdd24cf1b24', 2.73, 1, 2019, 0, 0, '0', 5, '2023-08-14 10:48:05'),
('eb42bc10-d1d9-11ed-84e9-0cdd24cf1b24', 33.61, 4, 2021, 0, 4, '0', 1, '2023-08-14 10:48:05'),
('ec44b5ce-d81e-11ed-8ee6-0cdd24cf1b24', 88.07, 2, 2019, 2, 0, '0', 1, '2023-08-14 10:48:05'),
('ec46ad12-d81e-11ed-8ee6-0cdd24cf1b24', 90.58, 2, 2019, 2, 0, '0', 3, '2023-08-14 10:48:05'),
('ec4b5278-d81e-11ed-8ee6-0cdd24cf1b24', 91.05, 2, 2019, 2, 0, '0', 5, '2023-08-14 10:48:05'),
('ec4fef3b-d81e-11ed-8ee6-0cdd24cf1b24', 93.01, 2, 2019, 2, 0, '0', 2, '2023-08-14 10:48:05'),
('ec5465aa-d81e-11ed-8ee6-0cdd24cf1b24', 93.04, 2, 2019, 2, 0, '0', 4, '2023-08-14 10:48:05'),
('ec565cbe-d81e-11ed-8ee6-0cdd24cf1b24', 96.31, 2, 2019, 2, 0, '0', 6, '2023-08-14 10:48:05'),
('ef2e572a-cb2d-11ed-9e84-0cdd24cf1b24', 3.66, 1, 2020, 0, 0, '0', 1, '2023-08-14 10:48:05'),
('f07475ed-d1d8-11ed-84e9-0cdd24cf1b24', 98.78, 3, 2021, 0, 1, '0', 1, '2023-08-14 10:48:05'),
('f0941324-d81f-11ed-8ee6-0cdd24cf1b24', 28.91, 4, 2019, 0, 4, '0', 1, '2023-08-14 10:48:05'),
('f096042f-d81f-11ed-8ee6-0cdd24cf1b24', 28.18, 4, 2019, 0, 4, '0', 3, '2023-08-14 10:48:05'),
('f09804c6-d81f-11ed-8ee6-0cdd24cf1b24', 14.36, 4, 2019, 0, 4, '0', 5, '2023-08-14 10:48:05'),
('f099d0aa-d81f-11ed-8ee6-0cdd24cf1b24', 43.24, 4, 2019, 0, 4, '0', 2, '2023-08-14 10:48:05'),
('f09b6a15-d81f-11ed-8ee6-0cdd24cf1b24', 22.53, 4, 2019, 0, 4, '0', 4, '2023-08-14 10:48:05'),
('f09e9574-d81f-11ed-8ee6-0cdd24cf1b24', 62.32, 4, 2019, 0, 4, '0', 6, '2023-08-14 10:48:05'),
('f11ce86d-d81c-11ed-8ee6-0cdd24cf1b24', 70.61, 2, 2020, 3, 0, '0', 1, '2023-08-14 10:48:05'),
('f11eaca8-d81c-11ed-8ee6-0cdd24cf1b24', 72.38, 2, 2020, 3, 0, '0', 3, '2023-08-14 10:48:05'),
('f1206998-d81c-11ed-8ee6-0cdd24cf1b24', 61.15, 2, 2020, 3, 0, '0', 5, '2023-08-14 10:48:05'),
('f12261bf-d81c-11ed-8ee6-0cdd24cf1b24', 73.81, 2, 2020, 3, 0, '0', 2, '2023-08-14 10:48:05'),
('f1248673-d81c-11ed-8ee6-0cdd24cf1b24', 69.06, 2, 2020, 3, 0, '0', 4, '2023-08-14 10:48:05'),
('f126891b-d81c-11ed-8ee6-0cdd24cf1b24', 77.98, 2, 2020, 3, 0, '0', 6, '2023-08-14 10:48:05'),
('f2eeefe6-1f9f-11ee-81d6-0cdd24cf1b24', 16.61, 4, 2018, 0, 4, '0', 1, '2023-08-14 10:48:05'),
('f2f13016-1f9f-11ee-81d6-0cdd24cf1b24', 31.66, 4, 2018, 0, 4, '0', 3, '2023-08-14 10:48:05'),
('f2f35c96-1f9f-11ee-81d6-0cdd24cf1b24', 12.01, 4, 2018, 0, 4, '0', 5, '2023-08-14 10:48:05'),
('f2f51695-1f9f-11ee-81d6-0cdd24cf1b24', 46.63, 4, 2018, 0, 4, '0', 2, '2023-08-14 10:48:05'),
('f2f6c34b-1f9f-11ee-81d6-0cdd24cf1b24', 20.94, 4, 2018, 0, 4, '0', 4, '2023-08-14 10:48:05'),
('f2f888e9-1f9f-11ee-81d6-0cdd24cf1b24', 60.05, 4, 2018, 0, 4, '0', 6, '2023-08-14 10:48:05'),
('f3eef599-d81d-11ed-8ee6-0cdd24cf1b24', 52.82, 3, 2020, 0, 3, '0', 1, '2023-08-14 10:48:05'),
('f3f150c0-d81d-11ed-8ee6-0cdd24cf1b24', 57, 3, 2020, 0, 3, '0', 3, '2023-08-14 10:48:05'),
('f3f53380-d81d-11ed-8ee6-0cdd24cf1b24', 60.92, 3, 2020, 0, 3, '0', 5, '2023-08-14 10:48:05'),
('f3f7b579-d81d-11ed-8ee6-0cdd24cf1b24', 60.45, 3, 2020, 0, 3, '0', 2, '2023-08-14 10:48:05'),
('f3faa806-d81d-11ed-8ee6-0cdd24cf1b24', 60.83, 3, 2020, 0, 3, '0', 4, '2023-08-14 10:48:05'),
('f3fd20b0-d81d-11ed-8ee6-0cdd24cf1b24', 57.48, 3, 2020, 0, 3, '0', 6, '2023-08-14 10:48:05'),
('f86bdcc1-d1d6-11ed-84e9-0cdd24cf1b24', 3.1, 1, 2020, 0, 0, '0', 5, '2023-08-14 10:48:05'),
('f997da45-d818-11ed-8ee6-0cdd24cf1b24', 72.19, 2, 2021, 3, 0, '0', 3, '2023-08-14 10:48:05'),
('f99a89f2-d818-11ed-8ee6-0cdd24cf1b24', 61.33, 2, 2021, 3, 0, '0', 5, '2023-08-14 10:48:05'),
('f99ce03d-d818-11ed-8ee6-0cdd24cf1b24', 73.72, 2, 2021, 3, 0, '0', 2, '2023-08-14 10:48:05'),
('f99f7002-d818-11ed-8ee6-0cdd24cf1b24', 69.27, 2, 2021, 3, 0, '0', 4, '2023-08-14 10:48:05'),
('f9a236ef-d818-11ed-8ee6-0cdd24cf1b24', 77.72, 2, 2021, 3, 0, '0', 6, '2023-08-14 10:48:05'),
('fb3564df-47a7-11ee-a745-503eaa456e2a', 13.27, 0, 2018, 0, 0, '1', 5, '2023-08-31 10:42:09'),
('fb356ff0-47a7-11ee-a745-503eaa456e2a', 13.42, 0, 2019, 0, 0, '1', 5, '2023-08-31 10:42:09'),
('fb357354-47a7-11ee-a745-503eaa456e2a', 12.5, 0, 2020, 0, 0, '1', 5, '2023-08-31 10:42:09'),
('fb357680-47a7-11ee-a745-503eaa456e2a', 12.51, 0, 2021, 0, 0, '1', 5, '2023-08-31 10:42:09'),
('fb357999-47a7-11ee-a745-503eaa456e2a', 13.37, 0, 2018, 0, 0, '1', 2, '2023-08-31 10:42:09'),
('fb357cb4-47a7-11ee-a745-503eaa456e2a', 13.41, 0, 2019, 0, 0, '1', 2, '2023-08-31 10:42:09'),
('fb357f84-47a7-11ee-a745-503eaa456e2a', 13.89, 0, 2020, 0, 0, '1', 2, '2023-08-31 10:42:09'),
('fb35825d-47a7-11ee-a745-503eaa456e2a', 13.91, 0, 2021, 0, 0, '1', 2, '2023-08-31 10:42:09'),
('fb359f7d-47a7-11ee-a745-503eaa456e2a', 9.58, 0, 2018, 0, 0, '1', 4, '2023-08-31 10:42:09'),
('fb35a45c-47a7-11ee-a745-503eaa456e2a', 9.57, 0, 2019, 0, 0, '1', 4, '2023-08-31 10:42:09'),
('fb35a75b-47a7-11ee-a745-503eaa456e2a', 10.66, 0, 2020, 0, 0, '1', 4, '2023-08-31 10:42:09'),
('fb35aa54-47a7-11ee-a745-503eaa456e2a', 10.71, 0, 2021, 0, 0, '1', 4, '2023-08-31 10:42:09'),
('fb35ad39-47a7-11ee-a745-503eaa456e2a', 18.08, 0, 2018, 0, 0, '1', 6, '2023-08-31 10:42:09'),
('fb35b01d-47a7-11ee-a745-503eaa456e2a', 18.24, 0, 2019, 0, 0, '1', 6, '2023-08-31 10:42:09'),
('fb35b301-47a7-11ee-a745-503eaa456e2a', 16.98, 0, 2020, 0, 0, '1', 6, '2023-08-31 10:42:09'),
('fb35b5de-47a7-11ee-a745-503eaa456e2a', 16.92, 0, 2021, 0, 0, '1', 6, '2023-08-31 10:42:09'),
('feaa2526-d1d7-11ed-84e9-0cdd24cf1b24', 98.78, 2, 2021, 1, 0, '0', 1, '2023-08-14 10:48:05');

-- --------------------------------------------------------

--
-- Table structure for table `t_kabupaten`
--

CREATE TABLE `t_kabupaten` (
  `id_kabupaten` int NOT NULL,
  `nama_kabupaten` varchar(150) CHARACTER SET utf8mb4 COLLATE utf8mb4_unicode_ci NOT NULL
) ENGINE=InnoDB DEFAULT CHARSET=utf8mb4 COLLATE=utf8mb4_unicode_ci;

--
-- Dumping data for table `t_kabupaten`
--

INSERT INTO `t_kabupaten` (`id_kabupaten`, `nama_kabupaten`) VALUES
(1, 'Kab. Boalemo'),
(2, 'Kab. Bone Bolango'),
(3, 'Kab. Gorontalo'),
(4, 'Kab. Gorontalo Utara'),
(5, 'Kab. Pohuwato'),
(6, 'Kota Gorontalo');

-- --------------------------------------------------------

--
-- Table structure for table `t_kategori`
--

CREATE TABLE `t_kategori` (
  `id` int NOT NULL,
  `slug` varchar(50) CHARACTER SET utf8mb4 COLLATE utf8mb4_unicode_ci NOT NULL,
  `keterangan` varchar(255) CHARACTER SET utf8mb4 COLLATE utf8mb4_unicode_ci NOT NULL
) ENGINE=InnoDB DEFAULT CHARSET=utf8mb4 COLLATE=utf8mb4_unicode_ci;

--
-- Dumping data for table `t_kategori`
--

INSERT INTO `t_kategori` (`id`, `slug`, `keterangan`) VALUES
(0, '0', '0'),
(1, 'TPT', 'Tingkat Pengangguran Terbuka'),
(2, 'APS', 'Angka Partisipasi Sekolah'),
(3, 'APM', 'Angka Partisipasi Murni'),
(4, 'APK', 'Angka Partisipasi Kasar');

-- --------------------------------------------------------

--
-- Table structure for table `t_menu`
--

CREATE TABLE `t_menu` (
  `id_menu` int NOT NULL,
  `nama_menu` varchar(100) CHARACTER SET utf8mb4 COLLATE utf8mb4_unicode_ci NOT NULL,
  `icon` varchar(100) CHARACTER SET utf8mb4 COLLATE utf8mb4_unicode_ci NOT NULL,
  `url` varchar(100) CHARACTER SET utf8mb4 COLLATE utf8mb4_unicode_ci NOT NULL,
  `activated` enum('0','1') CHARACTER SET utf8mb4 COLLATE utf8mb4_unicode_ci NOT NULL
) ENGINE=InnoDB DEFAULT CHARSET=utf8mb4 COLLATE=utf8mb4_unicode_ci;

--
-- Dumping data for table `t_menu`
--

INSERT INTO `t_menu` (`id_menu`, `nama_menu`, `icon`, `url`, `activated`) VALUES
(0, 'Home', 'fas fa-fw fa-tachometer-alt', 'home', '1'),
(1, 'Data Masyarakat', 'fas fa-fw fa-user-plus', 'masyarakat', '1'),
(2, 'Data Pengangguran', 'fas fa-fw fa-user-alt', 'pengangguran', '1'),
(3, 'Data Pendidikan', 'fas fa-fw fa-user-graduate', 'pendidikan', '1'),
(4, 'Perbandingan Data', 'fas fa-fw fa-chart-bar', 'perbandingan', '1');

-- --------------------------------------------------------

--
-- Table structure for table `t_role`
--

CREATE TABLE `t_role` (
  `id_role` int NOT NULL,
  `nama_role` varchar(50) CHARACTER SET utf8mb4 COLLATE utf8mb4_unicode_ci NOT NULL
) ENGINE=InnoDB DEFAULT CHARSET=utf8mb4 COLLATE=utf8mb4_unicode_ci;

--
-- Dumping data for table `t_role`
--

INSERT INTO `t_role` (`id_role`, `nama_role`) VALUES
(1, 'Admin'),
(2, 'Pemerintah');

-- --------------------------------------------------------

--
-- Table structure for table `t_tingkat_pendidikan`
--

CREATE TABLE `t_tingkat_pendidikan` (
  `id_pendidikan` int NOT NULL,
  `pendidikan` varchar(50) CHARACTER SET utf8mb4 COLLATE utf8mb4_unicode_ci NOT NULL,
  `keterangan` varchar(150) CHARACTER SET utf8mb4 COLLATE utf8mb4_unicode_ci NOT NULL
) ENGINE=InnoDB DEFAULT CHARSET=utf8mb4 COLLATE=utf8mb4_unicode_ci;

--
-- Dumping data for table `t_tingkat_pendidikan`
--

INSERT INTO `t_tingkat_pendidikan` (`id_pendidikan`, `pendidikan`, `keterangan`) VALUES
(0, 'null', 'null'),
(1, 'SD', 'Sekolah Dasar'),
(2, 'SMP', 'Sekolah Menengah Pertama'),
(3, 'SMA', 'Sekolah Menengah Atas'),
(4, 'PT', 'Perguruan Tinggi');

-- --------------------------------------------------------

--
-- Table structure for table `t_tingkat_umur`
--

CREATE TABLE `t_tingkat_umur` (
  `id_tingkat` int NOT NULL,
  `umur` varchar(50) CHARACTER SET utf8mb4 COLLATE utf8mb4_unicode_ci NOT NULL,
  `keterangan` varchar(100) CHARACTER SET utf8mb4 COLLATE utf8mb4_unicode_ci NOT NULL
) ENGINE=InnoDB DEFAULT CHARSET=utf8mb4 COLLATE=utf8mb4_unicode_ci;

--
-- Dumping data for table `t_tingkat_umur`
--

INSERT INTO `t_tingkat_umur` (`id_tingkat`, `umur`, `keterangan`) VALUES
(0, 'null', 'null'),
(1, '7-12', 'Umur 7 sampai 12 tahun'),
(2, '13-15', 'Umur 13 sampai 15 tahun'),
(3, '16-18', 'Umur 16 sampai 18 tahun'),
(4, '19-23', 'Umur 19 sampai 23 tahun');

-- --------------------------------------------------------

--
-- Table structure for table `t_user`
--

CREATE TABLE `t_user` (
  `id_user` varchar(255) CHARACTER SET utf8mb4 COLLATE utf8mb4_unicode_ci NOT NULL,
  `username` varchar(255) CHARACTER SET utf8mb4 COLLATE utf8mb4_unicode_ci NOT NULL,
  `password` varchar(255) CHARACTER SET utf8mb4 COLLATE utf8mb4_unicode_ci NOT NULL,
  `id_role` int NOT NULL
) ENGINE=InnoDB DEFAULT CHARSET=utf8mb4 COLLATE=utf8mb4_unicode_ci;

--
-- Dumping data for table `t_user`
--

INSERT INTO `t_user` (`id_user`, `username`, `password`, `id_role`) VALUES
('df153e68-c957-11ed-b11c-0cdd24cf1b24', 'admin', '21232f297a57a5a743894a0e4a801fc3', 1),
('df154efe-c957-11ed-b11c-0cdd24cf1b24', 'pemerintah', 'd784ea4b4a2ca7825ebfadf6d6e802d3', 2);

--
-- Indexes for dumped tables
--

--
-- Indexes for table `t_akses_menu`
--
ALTER TABLE `t_akses_menu`
  ADD PRIMARY KEY (`id_akses`),
  ADD KEY `id_role` (`id_role`),
  ADD KEY `id_menu` (`id_menu`);

--
-- Indexes for table `t_data_statistika`
--
ALTER TABLE `t_data_statistika`
  ADD PRIMARY KEY (`id_data`),
  ADD KEY `fk_kategori_data` (`id_kategori`),
  ADD KEY `fk_kabupaten_data` (`id_wilayah`),
  ADD KEY `id_umur` (`id_umur`),
  ADD KEY `fk_pendidikan_data` (`id_pendidikan`);

--
-- Indexes for table `t_kabupaten`
--
ALTER TABLE `t_kabupaten`
  ADD PRIMARY KEY (`id_kabupaten`);

--
-- Indexes for table `t_kategori`
--
ALTER TABLE `t_kategori`
  ADD PRIMARY KEY (`id`);

--
-- Indexes for table `t_menu`
--
ALTER TABLE `t_menu`
  ADD PRIMARY KEY (`id_menu`);

--
-- Indexes for table `t_role`
--
ALTER TABLE `t_role`
  ADD PRIMARY KEY (`id_role`);

--
-- Indexes for table `t_tingkat_pendidikan`
--
ALTER TABLE `t_tingkat_pendidikan`
  ADD PRIMARY KEY (`id_pendidikan`);

--
-- Indexes for table `t_tingkat_umur`
--
ALTER TABLE `t_tingkat_umur`
  ADD PRIMARY KEY (`id_tingkat`);

--
-- Indexes for table `t_user`
--
ALTER TABLE `t_user`
  ADD PRIMARY KEY (`id_user`),
  ADD KEY `id_role` (`id_role`);

--
-- AUTO_INCREMENT for dumped tables
--

--
-- AUTO_INCREMENT for table `t_akses_menu`
--
ALTER TABLE `t_akses_menu`
  MODIFY `id_akses` int NOT NULL AUTO_INCREMENT, AUTO_INCREMENT=10;

--
-- AUTO_INCREMENT for table `t_kabupaten`
--
ALTER TABLE `t_kabupaten`
  MODIFY `id_kabupaten` int NOT NULL AUTO_INCREMENT, AUTO_INCREMENT=7;

--
-- Constraints for dumped tables
--

--
-- Constraints for table `t_akses_menu`
--
ALTER TABLE `t_akses_menu`
  ADD CONSTRAINT `fk_id_menu` FOREIGN KEY (`id_menu`) REFERENCES `t_menu` (`id_menu`) ON UPDATE CASCADE,
  ADD CONSTRAINT `fk_role_menu` FOREIGN KEY (`id_role`) REFERENCES `t_role` (`id_role`) ON UPDATE CASCADE;

--
-- Constraints for table `t_data_statistika`
--
ALTER TABLE `t_data_statistika`
  ADD CONSTRAINT `fk_kabupaten_data` FOREIGN KEY (`id_wilayah`) REFERENCES `t_kabupaten` (`id_kabupaten`) ON UPDATE CASCADE,
  ADD CONSTRAINT `fk_kategori_data` FOREIGN KEY (`id_kategori`) REFERENCES `t_kategori` (`id`) ON UPDATE CASCADE,
  ADD CONSTRAINT `fk_pendidikan_data` FOREIGN KEY (`id_pendidikan`) REFERENCES `t_tingkat_pendidikan` (`id_pendidikan`) ON UPDATE CASCADE,
  ADD CONSTRAINT `fk_umur_data` FOREIGN KEY (`id_umur`) REFERENCES `t_tingkat_umur` (`id_tingkat`) ON UPDATE CASCADE;

--
-- Constraints for table `t_user`
--
ALTER TABLE `t_user`
  ADD CONSTRAINT `fk_user_role` FOREIGN KEY (`id_role`) REFERENCES `t_role` (`id_role`) ON UPDATE CASCADE;
COMMIT;

/*!40101 SET CHARACTER_SET_CLIENT=@OLD_CHARACTER_SET_CLIENT */;
/*!40101 SET CHARACTER_SET_RESULTS=@OLD_CHARACTER_SET_RESULTS */;
/*!40101 SET COLLATION_CONNECTION=@OLD_COLLATION_CONNECTION */;
